index;tag
0;agenda
1;acd
2;acomanhamento
3;ajuizamento
4;anotações
5;apoio
6;asabb
7;atb
8;ativos
9;banco-reu
10;bbts
11;bens
12;cacs
13;caixa
14;campanha
15;cessao
16;checklist-digital
17;cliente
18;cobranca
19;comite
20;compliance
21;comunicacao
22;conexao
23;consignacao
24;demanda
25;demandas
26;descontopec
27;dinfo
28;dirao
29;diretoria
30;documento
31;ecoa
32;enlid
33;estrategia
34;evento
35;extrajudicial
36;falencia
37;garantia
38;gestao
39;imobiliario
40;imoveis
41;inad15
42;inad90
43;inadimplencia
44;indicador
45;inova
46;inova-dirao
47;inovacao
48;interno
49;jud
50;judicial
51;massificada
52;negocial
53;operacional
54;pai
55;painel
56;paj
57;pcld
58;pec
59;perspectiva
60;piso
61;rao
62;rec
63;recuperacao
64;recuperação
65;rede
66;rede-externa
67;reescalonamento
68;relatorio
69;resultado
70;sede
71;servico
72;sigas
73;spotfire
74;sumula
75;tatico
76;taxas
77;terceirizada
78;treinamento
79;tutorial
80;uop
81;utilitario
82;veiculos
